,sectors,crash_month,crash_year,number_of_motorist_injured,number_of_cyclist_injured,number_of_pedestrians_injured,number_of_persons_injured,number_of_motorist_killed,number_of_cyclist_killed,number_of_pedestrians_killed,number_of_persons_killed,collision_count
0,1,1,2023,1.0,3.0,0.0,4.0,0.0,0.0,0.0,0.0,12.0
1,1,1,2024,2.0,2.0,0.0,4.0,0.0,0.0,0.0,0.0,11.0
2,1,1,2025,1.0,1.0,2.0,4.0,0.0,0.0,0.0,0.0,11.0
3,1,2,2023,2.0,3.0,0.0,5.0,0.0,0.0,0.0,0.0,6.0
4,1,2,2024,9.0,0.0,0.0,9.0,0.0,0.0,0.0,0.0,10.0
5,1,2,2025,1.0,1.0,2.0,4.0,0.0,0.0,0.0,0.0,7.0
6,1,3,2023,0.0,1.0,2.0,6.0,0.0,0.0,0.0,0.0,13.0
7,1,3,2024,7.0,3.0,2.0,12.0,0.0,0.0,0.0,0.0,17.0
8,1,3,2025,2.0,1.0,0.0,3.0,0.0,0.0,0.0,0.0,6.0
9,1,4,2023,1.0,3.0,2.0,8.0,0.0,0.0,0.0,0.0,16.0
10,1,4,2024,2.0,4.0,2.0,8.0,0.0,0.0,0.0,0.0,13.0
11,1,4,2025,2.0,2.0,2.0,6.0,0.0,0.0,0.0,0.0,18.0
12,1,5,2023,8.0,5.0,2.0,16.0,0.0,0.0,0.0,0.0,19.0
13,1,5,2024,1.0,3.0,2.0,9.0,0.0,0.0,0.0,0.0,17.0
14,1,5,2025,2.0,5.0,6.0,14.0,0.0,0.0,0.0,0.0,26.0
15,1,6,2023,2.0,6.0,4.0,12.0,0.0,0.0,0.0,0.0,19.0
16,1,6,2024,6.0,6.0,1.0,13.0,0.0,0.0,0.0,0.0,18.0
18,1,7,2023,2.0,3.0,2.0,7.0,0.0,0.0,0.0,0.0,12.0
19,1,7,2024,6.0,1.0,1.0,8.0,0.0,0.0,0.0,0.0,9.0
21,1,8,2023,3.0,6.0,2.0,12.0,0.0,0.0,0.0,0.0,20.0
22,1,8,2024,3.0,4.0,0.0,7.0,0.0,0.0,0.0,0.0,15.0
24,1,9,2023,3.0,1.0,1.0,5.0,0.0,0.0,0.0,0.0,11.0
25,1,9,2024,7.0,2.0,3.0,12.0,0.0,0.0,0.0,0.0,11.0
27,1,10,2023,9.0,4.0,1.0,15.0,0.0,0.0,0.0,0.0,23.0
28,1,10,2024,3.0,7.0,1.0,13.0,0.0,0.0,0.0,0.0,18.0
30,1,11,2023,6.0,3.0,0.0,10.0,0.0,0.0,1.0,1.0,18.0
31,1,11,2024,9.0,8.0,2.0,19.0,0.0,0.0,0.0,0.0,17.0
33,1,12,2023,7.0,4.0,2.0,13.0,0.0,0.0,0.0,0.0,18.0
34,1,12,2024,5.0,2.0,5.0,14.0,0.0,0.0,0.0,0.0,20.0
36,10,1,2023,3.0,0.0,0.0,3.0,0.0,0.0,0.0,0.0,8.0
37,10,1,2024,5.0,0.0,0.0,5.0,0.0,0.0,0.0,0.0,10.0
38,10,1,2025,5.0,0.0,0.0,5.0,0.0,0.0,0.0,0.0,10.0
39,10,2,2023,0.0,0.0,0.0,1.0,0.0,0.0,0.0,0.0,7.0
40,10,2,2024,0.0,0.0,0.0,0.0,0.0,0.0,0.0,0.0,2.0
41,10,2,2025,0.0,0.0,0.0,0.0,0.0,0.0,0.0,0.0,4.0
42,10,3,2023,6.0,0.0,0.0,6.0,0.0,0.0,0.0,0.0,8.0
43,10,3,2024,1.0,0.0,0.0,1.0,0.0,0.0,0.0,0.0,7.0
44,10,3,2025,1.0,0.0,0.0,1.0,0.0,0.0,0.0,0.0,6.0
45,10,4,2023,6.0,0.0,1.0,7.0,0.0,0.0,0.0,0.0,9.0
46,10,4,2024,2.0,0.0,0.0,2.0,0.0,0.0,0.0,0.0,4.0
47,10,4,2025,8.0,1.0,1.0,10.0,0.0,0.0,0.0,0.0,11.0
48,10,5,2023,1.0,0.0,0.0,1.0,0.0,0.0,0.0,0.0,8.0
49,10,5,2024,0.0,1.0,0.0,1.0,0.0,0.0,0.0,0.0,4.0
50,10,5,2025,9.0,1.0,0.0,10.0,0.0,0.0,0.0,0.0,10.0
51,10,6,2023,3.0,0.0,0.0,3.0,0.0,0.0,0.0,0.0,6.0
52,10,6,2024,5.0,0.0,1.0,6.0,0.0,0.0,1.0,1.0,12.0
54,10,7,2023,5.0,0.0,0.0,6.0,0.0,0.0,0.0,0.0,14.0
55,10,7,2024,3.0,0.0,0.0,3.0,0.0,0.0,0.0,0.0,8.0
57,10,8,2023,4.0,0.0,0.0,5.0,0.0,0.0,0.0,0.0,6.0
58,10,8,2024,0.0,0.0,0.0,0.0,0.0,0.0,1.0,1.0,2.0
60,10,9,2023,4.0,0.0,0.0,4.0,0.0,0.0,0.0,0.0,11.0
61,10,9,2024,0.0,0.0,1.0,1.0,0.0,0.0,0.0,0.0,3.0
63,10,10,2023,4.0,0.0,0.0,4.0,0.0,0.0,0.0,0.0,11.0
64,10,10,2024,1.0,0.0,0.0,1.0,0.0,0.0,0.0,0.0,3.0
66,10,11,2023,0.0,0.0,0.0,0.0,0.0,0.0,0.0,0.0,4.0
67,10,11,2024,2.0,0.0,0.0,2.0,0.0,0.0,0.0,0.0,6.0
69,10,12,2023,8.0,0.0,0.0,8.0,0.0,0.0,0.0,0.0,8.0
70,10,12,2024,0.0,0.0,1.0,1.0,0.0,0.0,0.0,0.0,8.0
72,2,1,2023,0.0,0.0,2.0,2.0,0.0,0.0,0.0,0.0,5.0
73,2,1,2024,2.0,0.0,2.0,4.0,0.0,0.0,0.0,0.0,4.0
74,2,1,2025,1.0,0.0,3.0,4.0,0.0,0.0,0.0,0.0,10.0
75,2,2,2023,0.0,2.0,0.0,2.0,0.0,0.0,0.0,0.0,6.0
76,2,2,2024,2.0,1.0,0.0,3.0,0.0,0.0,0.0,0.0,5.0
77,2,2,2025,3.0,0.0,0.0,3.0,0.0,0.0,0.0,0.0,3.0
78,2,3,2023,2.0,2.0,1.0,5.0,0.0,0.0,0.0,0.0,7.0
79,2,3,2024,0.0,1.0,1.0,2.0,0.0,0.0,0.0,0.0,7.0
80,2,3,2025,0.0,1.0,1.0,2.0,0.0,0.0,0.0,0.0,8.0
81,2,4,2023,0.0,3.0,0.0,3.0,0.0,0.0,0.0,0.0,9.0
82,2,4,2024,0.0,0.0,0.0,0.0,0.0,0.0,0.0,0.0,4.0
83,2,4,2025,0.0,3.0,4.0,7.0,0.0,0.0,0.0,0.0,10.0
84,2,5,2023,2.0,2.0,1.0,5.0,0.0,0.0,0.0,0.0,11.0
85,2,5,2024,10.0,1.0,2.0,14.0,0.0,0.0,0.0,0.0,16.0
86,2,5,2025,4.0,4.0,1.0,9.0,0.0,0.0,0.0,0.0,13.0
87,2,6,2023,0.0,1.0,2.0,3.0,0.0,0.0,0.0,0.0,3.0
88,2,6,2024,2.0,0.0,4.0,6.0,0.0,0.0,0.0,0.0,8.0
90,2,7,2023,0.0,2.0,1.0,3.0,0.0,0.0,0.0,0.0,7.0
91,2,7,2024,0.0,1.0,0.0,1.0,0.0,0.0,0.0,0.0,3.0
93,2,8,2023,0.0,3.0,1.0,5.0,0.0,0.0,0.0,0.0,7.0
94,2,8,2024,0.0,3.0,0.0,3.0,0.0,0.0,0.0,0.0,7.0
96,2,9,2023,1.0,2.0,0.0,3.0,0.0,0.0,0.0,0.0,2.0
97,2,9,2024,1.0,4.0,0.0,6.0,0.0,0.0,0.0,0.0,11.0
99,2,10,2023,3.0,2.0,3.0,9.0,0.0,0.0,0.0,0.0,14.0
100,2,10,2024,0.0,3.0,1.0,4.0,0.0,0.0,0.0,0.0,8.0
102,2,11,2023,0.0,3.0,0.0,4.0,0.0,0.0,0.0,0.0,6.0
103,2,11,2024,1.0,1.0,4.0,6.0,0.0,0.0,0.0,0.0,5.0
105,2,12,2023,0.0,4.0,0.0,4.0,0.0,0.0,0.0,0.0,9.0
106,2,12,2024,2.0,1.0,0.0,4.0,0.0,0.0,0.0,0.0,6.0
108,3,1,2023,4.0,0.0,2.0,6.0,0.0,0.0,0.0,0.0,8.0
109,3,1,2024,0.0,0.0,0.0,0.0,0.0,0.0,0.0,0.0,0.0
110,3,1,2025,2.0,1.0,1.0,4.0,0.0,0.0,0.0,0.0,8.0
111,3,2,2023,2.0,0.0,0.0,2.0,0.0,0.0,0.0,0.0,3.0
112,3,2,2024,1.0,5.0,0.0,6.0,0.0,0.0,1.0,1.0,8.0
113,3,2,2025,2.0,0.0,2.0,4.0,0.0,0.0,0.0,0.0,7.0
114,3,3,2023,0.0,0.0,0.0,1.0,0.0,0.0,0.0,0.0,3.0
115,3,3,2024,0.0,0.0,0.0,1.0,0.0,0.0,1.0,1.0,7.0
116,3,3,2025,0.0,0.0,0.0,0.0,0.0,0.0,0.0,0.0,5.0
117,3,4,2023,0.0,1.0,0.0,2.0,0.0,0.0,0.0,0.0,8.0
118,3,4,2024,0.0,1.0,0.0,1.0,0.0,0.0,0.0,0.0,1.0
119,3,4,2025,3.0,3.0,2.0,8.0,0.0,0.0,0.0,0.0,10.0
120,3,5,2023,2.0,0.0,0.0,3.0,0.0,0.0,0.0,0.0,5.0
121,3,5,2024,1.0,1.0,1.0,3.0,0.0,0.0,0.0,0.0,6.0
122,3,5,2025,2.0,1.0,3.0,6.0,0.0,0.0,0.0,0.0,11.0
123,3,6,2023,4.0,1.0,0.0,7.0,0.0,0.0,0.0,0.0,10.0
124,3,6,2024,1.0,2.0,0.0,3.0,0.0,0.0,0.0,0.0,7.0
126,3,7,2023,1.0,2.0,1.0,4.0,0.0,0.0,0.0,0.0,5.0
127,3,7,2024,2.0,1.0,0.0,3.0,0.0,0.0,0.0,0.0,6.0
129,3,8,2023,1.0,1.0,0.0,2.0,0.0,0.0,0.0,0.0,8.0
130,3,8,2024,0.0,0.0,0.0,0.0,0.0,0.0,0.0,0.0,1.0
132,3,9,2023,0.0,0.0,2.0,3.0,0.0,0.0,0.0,1.0,6.0
133,3,9,2024,1.0,1.0,1.0,4.0,0.0,0.0,0.0,0.0,6.0
135,3,10,2023,2.0,1.0,0.0,3.0,0.0,0.0,0.0,0.0,5.0
136,3,10,2024,0.0,0.0,0.0,0.0,0.0,0.0,0.0,0.0,3.0
138,3,11,2023,4.0,0.0,0.0,5.0,0.0,0.0,0.0,0.0,6.0
139,3,11,2024,0.0,0.0,1.0,1.0,0.0,0.0,0.0,0.0,6.0
141,3,12,2023,0.0,0.0,1.0,1.0,0.0,0.0,0.0,0.0,6.0
142,3,12,2024,1.0,0.0,0.0,1.0,0.0,0.0,0.0,0.0,5.0
144,4,1,2023,0.0,1.0,1.0,2.0,0.0,0.0,0.0,0.0,15.0
145,4,1,2024,2.0,0.0,0.0,3.0,0.0,0.0,0.0,0.0,6.0
146,4,1,2025,0.0,1.0,1.0,2.0,0.0,0.0,0.0,0.0,5.0
147,4,2,2023,0.0,2.0,2.0,4.0,0.0,0.0,0.0,0.0,10.0
148,4,2,2024,0.0,2.0,2.0,4.0,0.0,0.0,0.0,0.0,8.0
149,4,2,2025,0.0,3.0,0.0,3.0,0.0,0.0,0.0,0.0,13.0
150,4,3,2023,1.0,1.0,0.0,2.0,0.0,0.0,0.0,0.0,8.0
151,4,3,2024,1.0,0.0,1.0,2.0,0.0,0.0,0.0,0.0,11.0
152,4,3,2025,1.0,2.0,0.0,3.0,0.0,0.0,0.0,0.0,7.0
153,4,4,2023,2.0,2.0,0.0,4.0,0.0,0.0,0.0,0.0,10.0
154,4,4,2024,5.0,0.0,0.0,5.0,0.0,0.0,0.0,0.0,8.0
155,4,4,2025,0.0,0.0,0.0,0.0,0.0,0.0,0.0,0.0,2.0
156,4,5,2023,3.0,2.0,1.0,6.0,0.0,0.0,0.0,0.0,13.0
157,4,5,2024,3.0,0.0,2.0,5.0,0.0,0.0,0.0,0.0,10.0
158,4,5,2025,2.0,0.0,0.0,3.0,0.0,0.0,0.0,0.0,8.0
159,4,6,2023,4.0,1.0,2.0,9.0,0.0,0.0,0.0,0.0,14.0
160,4,6,2024,3.0,1.0,0.0,5.0,0.0,0.0,0.0,0.0,15.0
162,4,7,2023,6.0,4.0,2.0,13.0,0.0,0.0,0.0,0.0,12.0
163,4,7,2024,3.0,2.0,1.0,6.0,0.0,0.0,0.0,0.0,13.0
165,4,8,2023,2.0,0.0,1.0,3.0,0.0,0.0,0.0,0.0,6.0
166,4,8,2024,5.0,4.0,3.0,13.0,0.0,0.0,0.0,0.0,13.0
168,4,9,2023,0.0,0.0,0.0,0.0,0.0,0.0,0.0,0.0,7.0
169,4,9,2024,4.0,0.0,0.0,5.0,0.0,0.0,0.0,0.0,9.0
171,4,10,2023,7.0,0.0,1.0,9.0,0.0,0.0,0.0,0.0,17.0
172,4,10,2024,3.0,3.0,2.0,9.0,0.0,0.0,0.0,0.0,8.0
174,4,11,2023,4.0,1.0,1.0,6.0,0.0,0.0,0.0,0.0,10.0
175,4,11,2024,1.0,1.0,0.0,2.0,0.0,0.0,0.0,0.0,8.0
177,4,12,2023,6.0,0.0,1.0,7.0,0.0,0.0,0.0,0.0,13.0
178,4,12,2024,1.0,2.0,2.0,5.0,0.0,0.0,0.0,0.0,10.0
180,5,1,2023,1.0,1.0,0.0,2.0,0.0,0.0,0.0,0.0,9.0
181,5,1,2024,3.0,0.0,1.0,4.0,0.0,0.0,0.0,0.0,5.0
182,5,1,2025,4.0,0.0,2.0,6.0,0.0,0.0,0.0,0.0,8.0
183,5,2,2023,6.0,1.0,2.0,10.0,0.0,0.0,0.0,0.0,11.0
184,5,2,2024,1.0,0.0,1.0,2.0,0.0,0.0,1.0,1.0,8.0
185,5,2,2025,4.0,0.0,2.0,6.0,0.0,0.0,0.0,0.0,13.0
186,5,3,2023,8.0,1.0,0.0,9.0,0.0,0.0,0.0,0.0,13.0
187,5,3,2024,3.0,0.0,2.0,5.0,0.0,0.0,0.0,0.0,16.0
188,5,3,2025,1.0,0.0,2.0,3.0,0.0,0.0,0.0,0.0,9.0
189,5,4,2023,2.0,1.0,1.0,4.0,0.0,0.0,0.0,0.0,9.0
190,5,4,2024,4.0,2.0,2.0,8.0,0.0,0.0,0.0,0.0,9.0
191,5,4,2025,4.0,1.0,1.0,6.0,0.0,0.0,0.0,0.0,8.0
192,5,5,2023,11.0,1.0,1.0,13.0,0.0,0.0,0.0,0.0,12.0
193,5,5,2024,2.0,1.0,0.0,3.0,0.0,0.0,0.0,0.0,10.0
194,5,5,2025,3.0,1.0,1.0,5.0,0.0,0.0,0.0,0.0,8.0
195,5,6,2023,1.0,1.0,3.0,6.0,0.0,0.0,0.0,0.0,13.0
196,5,6,2024,0.0,2.0,1.0,3.0,0.0,0.0,0.0,0.0,9.0
198,5,7,2023,5.0,0.0,1.0,6.0,0.0,0.0,0.0,0.0,10.0
199,5,7,2024,0.0,5.0,1.0,6.0,0.0,0.0,0.0,0.0,14.0
201,5,8,2023,1.0,0.0,3.0,4.0,0.0,0.0,0.0,0.0,9.0
202,5,8,2024,6.0,1.0,0.0,7.0,0.0,0.0,0.0,0.0,11.0
204,5,9,2023,6.0,2.0,1.0,9.0,0.0,0.0,0.0,0.0,9.0
205,5,9,2024,1.0,0.0,1.0,2.0,0.0,0.0,0.0,0.0,7.0
207,5,10,2023,7.0,0.0,2.0,9.0,0.0,0.0,0.0,0.0,14.0
208,5,10,2024,9.0,1.0,1.0,12.0,0.0,0.0,0.0,0.0,9.0
210,5,11,2023,0.0,0.0,2.0,2.0,0.0,0.0,0.0,0.0,4.0
211,5,11,2024,7.0,0.0,0.0,7.0,0.0,0.0,0.0,0.0,14.0
213,5,12,2023,1.0,1.0,0.0,3.0,0.0,0.0,0.0,0.0,4.0
214,5,12,2024,3.0,0.0,1.0,4.0,0.0,0.0,0.0,0.0,10.0
216,6,1,2023,8.0,1.0,2.0,11.0,0.0,0.0,0.0,0.0,13.0
217,6,1,2024,1.0,0.0,2.0,4.0,0.0,0.0,0.0,0.0,9.0
218,6,1,2025,2.0,0.0,1.0,3.0,0.0,0.0,0.0,0.0,10.0
219,6,2,2023,0.0,0.0,1.0,1.0,0.0,0.0,0.0,0.0,6.0
220,6,2,2024,1.0,2.0,1.0,5.0,0.0,0.0,0.0,0.0,10.0
221,6,2,2025,1.0,0.0,2.0,3.0,0.0,0.0,0.0,0.0,8.0
222,6,3,2023,2.0,1.0,2.0,6.0,0.0,0.0,0.0,0.0,10.0
223,6,3,2024,0.0,0.0,1.0,1.0,0.0,0.0,0.0,0.0,12.0
224,6,3,2025,0.0,2.0,0.0,3.0,0.0,0.0,0.0,0.0,12.0
225,6,4,2023,1.0,0.0,2.0,3.0,0.0,0.0,0.0,0.0,8.0
226,6,4,2024,7.0,0.0,0.0,7.0,0.0,0.0,0.0,0.0,10.0
227,6,4,2025,2.0,0.0,1.0,3.0,0.0,0.0,0.0,0.0,12.0
228,6,5,2023,3.0,0.0,1.0,4.0,0.0,0.0,0.0,0.0,8.0
229,6,5,2024,3.0,0.0,0.0,3.0,0.0,0.0,0.0,0.0,10.0
230,6,5,2025,3.0,0.0,2.0,5.0,0.0,0.0,0.0,0.0,11.0
231,6,6,2023,6.0,0.0,1.0,7.0,0.0,0.0,0.0,0.0,12.0
232,6,6,2024,1.0,2.0,1.0,4.0,0.0,0.0,0.0,0.0,9.0
234,6,7,2023,2.0,1.0,0.0,3.0,0.0,0.0,0.0,0.0,6.0
235,6,7,2024,3.0,1.0,7.0,11.0,0.0,0.0,4.0,4.0,10.0
237,6,8,2023,4.0,2.0,0.0,9.0,0.0,0.0,0.0,0.0,11.0
238,6,8,2024,1.0,2.0,1.0,4.0,0.0,0.0,0.0,0.0,8.0
240,6,9,2023,2.0,0.0,1.0,4.0,0.0,0.0,0.0,0.0,8.0
241,6,9,2024,2.0,2.0,2.0,7.0,0.0,0.0,0.0,0.0,16.0
243,6,10,2023,2.0,0.0,1.0,3.0,0.0,0.0,0.0,0.0,7.0
244,6,10,2024,9.0,0.0,3.0,12.0,0.0,0.0,0.0,0.0,15.0
246,6,11,2023,1.0,0.0,3.0,4.0,0.0,0.0,0.0,0.0,10.0
247,6,11,2024,2.0,0.0,1.0,3.0,0.0,0.0,0.0,0.0,6.0
249,6,12,2023,0.0,0.0,0.0,0.0,0.0,0.0,0.0,0.0,7.0
250,6,12,2024,0.0,0.0,1.0,1.0,0.0,0.0,0.0,0.0,7.0
252,7,1,2023,0.0,0.0,1.0,1.0,0.0,0.0,0.0,0.0,5.0
253,7,1,2024,0.0,1.0,1.0,3.0,0.0,0.0,0.0,0.0,8.0
254,7,1,2025,3.0,0.0,1.0,4.0,0.0,0.0,0.0,0.0,7.0
255,7,2,2023,1.0,0.0,2.0,3.0,0.0,0.0,0.0,0.0,10.0
256,7,2,2024,5.0,0.0,2.0,8.0,0.0,0.0,0.0,0.0,8.0
257,7,2,2025,7.0,1.0,1.0,9.0,0.0,0.0,0.0,0.0,8.0
258,7,3,2023,2.0,0.0,2.0,4.0,0.0,0.0,0.0,0.0,12.0
259,7,3,2024,1.0,0.0,0.0,1.0,0.0,0.0,0.0,0.0,4.0
260,7,3,2025,9.0,0.0,0.0,9.0,0.0,0.0,0.0,0.0,10.0
261,7,4,2023,4.0,1.0,1.0,6.0,0.0,0.0,0.0,0.0,7.0
262,7,4,2024,0.0,0.0,0.0,0.0,0.0,0.0,0.0,0.0,7.0
263,7,4,2025,0.0,0.0,1.0,1.0,0.0,0.0,0.0,0.0,8.0
264,7,5,2023,2.0,1.0,0.0,3.0,0.0,0.0,0.0,0.0,8.0
265,7,5,2024,0.0,0.0,0.0,0.0,0.0,0.0,0.0,0.0,1.0
266,7,5,2025,0.0,0.0,2.0,2.0,0.0,0.0,0.0,0.0,8.0
267,7,6,2023,4.0,1.0,2.0,7.0,0.0,0.0,0.0,0.0,11.0
268,7,6,2024,5.0,1.0,4.0,10.0,0.0,0.0,0.0,0.0,15.0
270,7,7,2023,0.0,1.0,0.0,1.0,0.0,0.0,0.0,0.0,5.0
271,7,7,2024,2.0,1.0,1.0,4.0,0.0,0.0,0.0,0.0,9.0
273,7,8,2023,1.0,0.0,1.0,2.0,0.0,0.0,0.0,0.0,7.0
274,7,8,2024,0.0,0.0,0.0,0.0,0.0,0.0,0.0,0.0,4.0
276,7,9,2023,8.0,1.0,0.0,10.0,0.0,0.0,0.0,0.0,13.0
277,7,9,2024,0.0,2.0,1.0,4.0,0.0,0.0,0.0,0.0,10.0
279,7,10,2023,2.0,0.0,0.0,2.0,0.0,0.0,0.0,0.0,5.0
280,7,10,2024,4.0,2.0,3.0,10.0,0.0,0.0,0.0,0.0,14.0
282,7,11,2023,4.0,0.0,1.0,5.0,0.0,0.0,0.0,0.0,12.0
283,7,11,2024,1.0,1.0,0.0,2.0,0.0,0.0,0.0,0.0,7.0
285,7,12,2023,1.0,1.0,1.0,3.0,0.0,0.0,0.0,0.0,10.0
286,7,12,2024,1.0,0.0,3.0,4.0,0.0,0.0,0.0,0.0,10.0
288,8,1,2023,2.0,0.0,2.0,4.0,0.0,0.0,0.0,0.0,6.0
289,8,1,2024,4.0,1.0,1.0,6.0,0.0,0.0,0.0,0.0,16.0
290,8,1,2025,0.0,0.0,2.0,2.0,0.0,0.0,0.0,0.0,8.0
291,8,2,2023,0.0,0.0,3.0,3.0,0.0,0.0,0.0,0.0,7.0
292,8,2,2024,2.0,1.0,2.0,5.0,0.0,0.0,0.0,0.0,11.0
293,8,2,2025,0.0,0.0,1.0,1.0,0.0,0.0,0.0,0.0,9.0
294,8,3,2023,0.0,1.0,3.0,5.0,0.0,0.0,0.0,0.0,11.0
295,8,3,2024,3.0,3.0,3.0,9.0,0.0,0.0,0.0,0.0,10.0
296,8,3,2025,0.0,1.0,3.0,4.0,0.0,0.0,0.0,0.0,10.0
297,8,4,2023,7.0,2.0,0.0,9.0,0.0,0.0,0.0,0.0,16.0
298,8,4,2024,1.0,2.0,1.0,4.0,0.0,0.0,0.0,0.0,9.0
299,8,4,2025,1.0,2.0,0.0,3.0,0.0,0.0,0.0,0.0,10.0
300,8,5,2023,2.0,2.0,2.0,7.0,0.0,0.0,0.0,0.0,20.0
301,8,5,2024,2.0,4.0,0.0,7.0,0.0,0.0,0.0,0.0,18.0
302,8,5,2025,1.0,2.0,0.0,3.0,0.0,0.0,0.0,0.0,5.0
303,8,6,2023,5.0,3.0,0.0,8.0,0.0,0.0,0.0,0.0,26.0
304,8,6,2024,2.0,2.0,1.0,6.0,0.0,0.0,0.0,0.0,14.0
306,8,7,2023,2.0,4.0,1.0,7.0,0.0,0.0,0.0,0.0,14.0
307,8,7,2024,1.0,1.0,2.0,5.0,0.0,0.0,0.0,0.0,12.0
309,8,8,2023,0.0,2.0,1.0,3.0,0.0,0.0,0.0,0.0,8.0
310,8,8,2024,1.0,4.0,0.0,5.0,0.0,0.0,0.0,0.0,8.0
312,8,9,2023,1.0,1.0,1.0,3.0,0.0,0.0,2.0,2.0,14.0
313,8,9,2024,1.0,0.0,2.0,3.0,0.0,0.0,0.0,0.0,6.0
315,8,10,2023,0.0,1.0,4.0,5.0,0.0,0.0,0.0,0.0,12.0
316,8,10,2024,2.0,2.0,6.0,10.0,0.0,0.0,0.0,0.0,15.0
318,8,11,2023,5.0,2.0,2.0,9.0,0.0,0.0,0.0,0.0,16.0
319,8,11,2024,2.0,2.0,3.0,7.0,0.0,0.0,0.0,0.0,11.0
321,8,12,2023,2.0,0.0,1.0,3.0,0.0,0.0,0.0,0.0,9.0
322,8,12,2024,4.0,0.0,2.0,6.0,0.0,0.0,0.0,0.0,10.0
324,9,1,2023,4.0,1.0,2.0,9.0,0.0,0.0,0.0,0.0,24.0
325,9,1,2024,4.0,0.0,3.0,7.0,0.0,0.0,0.0,0.0,13.0
326,9,1,2025,3.0,1.0,2.0,6.0,0.0,0.0,0.0,0.0,13.0
327,9,2,2023,1.0,6.0,2.0,9.0,0.0,0.0,0.0,0.0,22.0
328,9,2,2024,8.0,2.0,1.0,11.0,0.0,0.0,0.0,0.0,17.0
329,9,2,2025,3.0,1.0,1.0,6.0,0.0,0.0,0.0,0.0,9.0
330,9,3,2023,7.0,4.0,6.0,18.0,0.0,0.0,0.0,0.0,29.0
331,9,3,2024,11.0,2.0,5.0,18.0,0.0,0.0,0.0,0.0,26.0
332,9,3,2025,2.0,0.0,0.0,2.0,0.0,0.0,0.0,0.0,10.0
333,9,4,2023,4.0,0.0,2.0,6.0,0.0,0.0,0.0,0.0,16.0
334,9,4,2024,2.0,1.0,1.0,4.0,0.0,0.0,0.0,0.0,12.0
335,9,4,2025,1.0,1.0,2.0,4.0,0.0,0.0,0.0,0.0,11.0
336,9,5,2023,1.0,5.0,8.0,14.0,0.0,0.0,0.0,0.0,24.0
337,9,5,2024,3.0,3.0,3.0,9.0,0.0,0.0,0.0,0.0,27.0
338,9,5,2025,1.0,2.0,0.0,4.0,0.0,0.0,0.0,0.0,6.0
339,9,6,2023,6.0,7.0,1.0,16.0,0.0,0.0,0.0,0.0,24.0
340,9,6,2024,5.0,3.0,3.0,11.0,0.0,0.0,0.0,0.0,20.0
342,9,7,2023,4.0,2.0,5.0,14.0,0.0,0.0,0.0,0.0,20.0
343,9,7,2024,3.0,1.0,2.0,6.0,0.0,0.0,0.0,0.0,13.0
345,9,8,2023,6.0,3.0,1.0,11.0,0.0,0.0,0.0,0.0,20.0
346,9,8,2024,3.0,3.0,4.0,11.0,0.0,0.0,0.0,0.0,19.0
348,9,9,2023,8.0,2.0,0.0,12.0,0.0,0.0,0.0,0.0,25.0
349,9,9,2024,4.0,1.0,3.0,8.0,0.0,0.0,0.0,0.0,15.0
351,9,10,2023,12.0,3.0,7.0,22.0,0.0,0.0,0.0,0.0,29.0
352,9,10,2024,5.0,3.0,6.0,14.0,0.0,0.0,0.0,0.0,22.0
354,9,11,2023,8.0,4.0,3.0,15.0,0.0,0.0,0.0,0.0,28.0
355,9,11,2024,2.0,1.0,4.0,7.0,0.0,0.0,0.0,0.0,12.0
357,9,12,2023,3.0,4.0,1.0,8.0,0.0,0.0,0.0,0.0,21.0
358,9,12,2024,6.0,1.0,1.0,8.0,0.0,0.0,0.0,0.0,19.0
